Workbook

Sheet README
A1: Autumn Harvest Festival 2026 Attendance Forecast Model
A2: WDPR 2026 IE Case Study, Part 1. Built in 2026.
A4: Purpose | B4: Produce low / expected / high 2026 attendance forecasts, allocate them by weekend, identify the peak weekend, and document the method and every assumption for festival leadership.
A5: Recommended method | B5: Combination trend baseline (equal-weight average of five extrapolation methods) followed by driver-based causal adjustments for the four structural changes in 2026 that history cannot capture: +20% marketing spend, expanded advertising reach (500k to 1.2M), 25th-anniversary halo, and the Weekend 4 concert. Uncertainty is quantified two ways: discrete Low/Expected/High scenarios and a 1,000-trial Monte Carlo simulation.
A6: Why not one model | B6: With five annual observations, ARIMA, Prophet, and machine-learning methods cannot be estimated reliably. The M-Competitions (Makridakis et al.) repeatedly show that simple methods match complex ones and that combining forecasts reduces error. Fildes et al. (2009) show judgmental adjustments to statistical forecasts improve accuracy when they are based on information the model cannot see, which is exactly the situation here.
A7: Sheet guide | B7: Data: historical inputs from the case. Trend_Models: five extrapolation methods plus Holt's, and the ensemble. Backtest: rolling-origin hold-out accuracy (MAPE, bias) for each method. Assumptions: every driver with Low/Expected/High values and its source. Forecast: scenario build-up, weekend allocation, peak weekend, concert capacity check. MonteCarlo: 1,000 random trials over the drivers. Summary: dashboard tables and charts.
A8: Color legend | B8: Blue text = hard-coded input you may change. Black text = formula. Green text = link to another sheet. Yellow fill = key assumption that most affects the answer. Change inputs only in blue cells; everything downstream recalculates.
A9: Monte Carlo note | B9: The MonteCarlo sheet uses RAND(), so its percentiles move slightly every time the workbook recalculates (press F9). This is expected. Report the percentiles to the nearest hundred.
A10: Attendance unit | B10: The case does not state whether attendance is unique guests or person-days (turnstile visits). This model treats it as person-days and converts to unique guests through a visits-per-guest assumption when it needs a population penetration rate. State this assumption on your slide.

Sheet Summary
A1: Summary dashboard: 2026 attendance forecast
A2: Method: ensemble trend baseline + driver-based adjustments (marketing, reach, anniversary, concert), with scenario and Monte Carlo uncertainty. See README.
A4: Headline | B4: Low | C4: Expected | D4: High
A5: 2026 total attendance | B5: =Forecast!B11 -> 60711.71 | C5: =Forecast!C11 -> 67997.839 | D5: =Forecast!D11 -> 77055.843
A6: Growth vs 2025 (56,000) | B6: =Forecast!B12 -> 0.084137679 | C6: =Forecast!C12 -> 0.21424713 | D6: =Forecast!D12 -> 0.37599719
A7: Trend-only baseline | B7: =Forecast!B4 -> 57100 | C7: =Forecast!C4 -> 57787.405 | D7: =Forecast!D4 -> 58749.403
A8: Uplift from 2026 drivers | B8: =Forecast!B11-Forecast!B4 -> 3611.71 | C8: =Forecast!C11-Forecast!C4 -> 10210.434 | D8: =Forecast!D11-Forecast!D4 -> 18306.44
A9: Peak weekend | B9: =Forecast!B30 -> 3 | C9: =Forecast!C30 -> 4 | D9: =Forecast!D30 -> 4
A10: Peak weekend attendance | B10: =Forecast!B31 -> 17727.819 | C10: =Forecast!C31 -> 20784.373 | D10: =Forecast!D31 -> 25957.311
A11: Peak day attendance | B11: =Forecast!B34 -> 9218.466 | C11: =Forecast!C34 -> 10807.874 | D11: =Forecast!D34 -> 13497.802
A12: Average per festival day | B12: =Forecast!B14 -> 7588.9637 | C12: =Forecast!C14 -> 8499.7299 | D12: =Forecast!D14 -> 9631.9804
A14: Monte Carlo band | B14: P10 | C14: P50 | D14: P90
A15: 2026 total attendance | B15: =MonteCarlo!B6 -> 66359.407 | C15: =MonteCarlo!B8 -> 68311.76 | D15: =MonteCarlo!B10 -> 70257.366
A16: Simulation mean | B16: =MonteCarlo!B5 -> 68305.498
A18: Weekend | B18: Base share | C18: Low | D18: Expected | E18: High
A19: Weekend 1 | B19: =Forecast!B20 -> 0.2 | C19: =Forecast!F20 -> 11818.546 | D19: =Forecast!G20 -> 12590.258 | E19: =Forecast!H20 -> 13626.275
A20: Weekend 2 | B20: =Forecast!B21 -> 0.25 | C20: =Forecast!F21 -> 14773.183 | D20: =Forecast!G21 -> 15737.822 | E20: =Forecast!H21 -> 17032.844
A21: Weekend 3 | B21: =Forecast!B22 -> 0.3 | C21: =Forecast!F22 -> 17727.819 | D21: =Forecast!G22 -> 18885.386 | E21: =Forecast!H22 -> 20439.413
A22: Weekend 4 | B22: =Forecast!B23 -> 0.25 | C22: =Forecast!F23 -> 16392.162 | D22: =Forecast!G23 -> 20784.373 | E22: =Forecast!H23 -> 25957.311
A23: Total | C23: =SUM(C19:C22) -> 60711.71 | D23: =SUM(D19:D22) -> 67997.839 | E23: =SUM(E19:E22) -> 77055.843
A25: Year | B25: Actual | C25: Low | D25: Expected | E25: High
A26: 2021 | B26: =Data!B4 -> 49000
A27: 2022 | B27: =Data!B5 -> 48500
A28: 2023 | B28: =Data!B6 -> 50000
A29: 2024 | B29: =Data!B7 -> 53500
A30: 2025 | B30: =Data!B8 -> 56000 | C30: =B30 -> 56000 | D30: =B30 -> 56000 | E30: =B30 -> 56000
A31: 2026F | C31: =Forecast!B11 -> 60711.71 | D31: =Forecast!C11 -> 67997.839 | E31: =Forecast!D11 -> 77055.843
A33: Method comparison (trend only) | B33: 2026 | C33: Backtest MAPE
A34: Linear regression (OLS) | B34: =Trend_Models!C6 -> 57100 | C34: =Backtest!H5 -> 0.049009791
A35: Log-linear | B35: =Trend_Models!C7 -> 57262.289 | C35: =Backtest!H6 -> 0.048630231
A36: CAGR 2021-25 | B36: =Trend_Models!C8 -> 57900.993 | C36: =Backtest!H7 -> 0.036090825
A37: CAGR 2022-25 | B37: =Trend_Models!C9 -> 58749.403 | C37: n/a
A38: Average YoY growth | B38: =Trend_Models!C10 -> 57924.338 | C38: =Backtest!H8 -> 0.035744113
A39: Holt's (excluded) | B39: =Trend_Models!C11 -> 58506.918 | C39: n/a
A40: Naive (excluded) | B40: =Trend_Models!C12 -> 56000 | C40: =Backtest!H9 -> 0.055031709
A41: ENSEMBLE (used) | B41: =Trend_Models!C14 -> 57787.405

Sheet Data
A1: Historical inputs (from case study)
A3: Year | B3: Total attendance | C3: YoY growth | D3: t (period index) | E3: ln(attendance)
A4: 2021 | B4: 49000 | C4: - | D4: 1 | E4: =LN(B4) -> 10.799576
A5: 2022 | B5: 48500 | C5: =B5/B4-1 -> -0.010204082 | D5: 2 | E5: =LN(B5) -> 10.789319
A6: 2023 | B6: 50000 | C6: =B6/B5-1 -> 0.030927835 | D6: 3 | E6: =LN(B6) -> 10.819778
A7: 2024 | B7: 53500 | C7: =B7/B6-1 -> 0.07 | D7: 4 | E7: =LN(B7) -> 10.887437
A8: 2025 | B8: 56000 | C8: =B8/B7-1 -> 0.046728972 | D8: 5 | E8: =LN(B8) -> 10.933107
A10: Source: WDPR 2026 IE Case Study, 'Historical Festival Attendance' table. 2021 may be COVID-affected; see Backtest and PDF for treatment.
A12: Typical attendance distribution by weekend (seasonal index)
A13: Weekend | B13: % of total
A14: 1 | B14: 0.2
A15: 2 | B15: 0.25
A16: 3 | B16: 0.3
A17: 4 | B17: 0.25
A18: Check (sum) | B18: =SUM(B14:B17) -> 1
A19: Source: case study 'Typical Attendance Distribution by Weekend'.
A21: Operating parameters
A22: Weekends | B22: 4
A23: Days per weekend | B23: 2
A24: Operating hours per day | B24: 10
A25: Festival days | B25: =B22*B23 -> 8

Sheet Trend_Models
A1: Step 1: Statistical trend baseline (what history alone predicts for 2026)
A3: Forecast period index t (2026 = 6) | B3: 6
A5: Method | B5: How it works | C5: 2026 forecast | D5: Implied growth vs 2025 | E5: Include in ensemble (1/0)
A6: Linear regression (OLS) | B6: Fits attendance = a + b*t by least squares; extends the line one period. | C6: =INTERCEPT(Data!$B$4:$B$8,Data!$D$4:$D$8)+SLOPE(Data!$B$4:$B$8,Data!$D$4:$D$8)*$B$3 -> 57100 | D6: =C6/Data!$B$8-1 -> 0.019642857 | E6: 1
A7: Log-linear (exponential trend) | B7: Fits ln(attendance) = a + b*t; implies constant % growth. | C7: =EXP(INTERCEPT(Data!$E$4:$E$8,Data!$D$4:$D$8)+SLOPE(Data!$E$4:$E$8,Data!$D$4:$D$8)*$B$3) -> 57262.289 | D7: =C7/Data!$B$8-1 -> 0.022540882 | E7: 1
A8: CAGR 2021-2025 | B8: Compound annual growth from first to last year, applied once more. | C8: =Data!$B$8*(Data!$B$8/Data!$B$4)^(1/4) -> 57900.993 | D8: =C8/Data!$B$8-1 -> 0.033946308 | E8: 1
A9: CAGR 2022-2025 (recent 3 yrs) | B9: Same, but drops 2021 to reflect the more recent, faster trend. | C9: =Data!$B$8*(Data!$B$8/Data!$B$5)^(1/3) -> 58749.403 | D9: =C9/Data!$B$8-1 -> 0.049096479 | E9: 1
A10: Average YoY growth | B10: Arithmetic mean of the four annual growth rates, applied to 2025. | C10: =Data!$B$8*(1+AVERAGE(Data!$C$5:$C$8)) -> 57924.338 | D10: =C10/Data!$B$8-1 -> 0.034363181 | E10: 1
A11: Holt's linear exponential smoothing | B11: Level + trend smoothing with alpha, beta (block below). Unstable on 5 points; shown for completeness. | C11: =C30+D30 -> 58506.918 | D11: =C11/Data!$B$8-1 -> 0.044766393 | E11: 0
A12: Naive (last value) | B12: 2026 = 2025. Benchmark only. | C12: =Data!$B$8 -> 56000 | D12: =C12/Data!$B$8-1 -> 0 | E12: 0
A14: ENSEMBLE BASELINE (equal-weight average of included methods) | C14: =SUMPRODUCT(C6:C12,E6:E12)/SUM(E6:E12) -> 57787.405 | D14: =C14/Data!$B$8-1 -> 0.031917942
A15: Low end of trend methods (min of rows 6-10) | C15: =MIN(C6:C10) -> 57100
A16: High end of trend methods (max of rows 6-10) | C16: =MAX(C6:C10) -> 58749.403
A17: Spread across methods | C17: =C16-C15 -> 1649.4028
A18: Rationale: M-Competitions (Makridakis & Hibon 2000; Makridakis, Spiliotis & Assimakopoulos 2020) show equal-weight combinations of simple methods beat most single methods. Combining also averages out the OLS tendency to under-weight recent acceleration and the recent-CAGR tendency to over-weight it.
A21: Holt's linear method (double exponential smoothing)
A22: alpha (level smoothing) | B22: 0.7
A23: beta (trend smoothing) | B23: 0.7
A25: t | B25: Actual | C25: Level L_t | D25: Trend T_t | E25: One-step fit | F25: Squared error
A26: 1 | B26: =Data!B4 -> 49000 | C26: =B26 -> 49000 | D26: =Data!B5-Data!B4 -> -500 | E26: - | F26: -
A27: 2 | B27: =Data!B5 -> 48500 | C27: =$B$22*B27+(1-$B$22)*(C26+D26) -> 48500 | D27: =$B$23*(C27-C26)+(1-$B$23)*D26 -> -500 | E27: =C26+D26 -> 48500 | F27: =(B27-E27)^2 -> 0
A28: 3 | B28: =Data!B6 -> 50000 | C28: =$B$22*B28+(1-$B$22)*(C27+D27) -> 49400 | D28: =$B$23*(C28-C27)+(1-$B$23)*D27 -> 480 | E28: =C27+D27 -> 48000 | F28: =(B28-E28)^2 -> 4000000
A29: 4 | B29: =Data!B7 -> 53500 | C29: =$B$22*B29+(1-$B$22)*(C28+D28) -> 52414 | D29: =$B$23*(C29-C28)+(1-$B$23)*D28 -> 2253.8 | E29: =C28+D28 -> 49880 | F29: =(B29-E29)^2 -> 13104400
A30: 5 | B30: =Data!B8 -> 56000 | C30: =$B$22*B30+(1-$B$22)*(C29+D29) -> 55600.34 | D30: =$B$23*(C30-C29)+(1-$B$23)*D29 -> 2906.578 | E30: =C29+D29 -> 54667.8 | F30: =(B30-E30)^2 -> 1774756.8
A31: Holt 2026 forecast = L_5 + T_5 | C31: =C30+D30 -> 58506.918
A32: In-sample SSE | C32: =SUM(F27:F30) -> 18879157
A33: Initialization: L_1 = y_1, T_1 = y_2 - y_1 (Hyndman & Athanasopoulos, FPP3 ch. 8). With only five points the SSE-minimizing alpha and beta go to 1.0, which collapses Holt's to 'last value plus last change'. This is why Holt's is excluded from the ensemble by default.

Sheet Backtest
A1: Rolling-origin hold-out test (fit on early years, forecast the next, compare to actual)
A2: Fold 1: train 2021-2023, test 2024. Fold 2: train 2021-2024, test 2025. Metric: MAPE (Hyndman & Koehler 2006) and mean bias.
A4: Method | B4: Fold 1 forecast (2024) | C4: Fold 1 actual | D4: Fold 1 APE | E4: Fold 2 forecast (2025) | F4: Fold 2 actual | G4: Fold 2 APE | H4: MAPE | I4: Mean bias (fc - actual)/actual
A5: Linear regression (OLS) | B5: =INTERCEPT(Data!$B$4:$B$6,Data!$D$4:$D$6)+SLOPE(Data!$B$4:$B$6,Data!$D$4:$D$6)*4 -> 50166.667 | C5: =Data!$B$7 -> 53500 | D5: =ABS(B5-C5)/C5 -> 0.062305296 | E5: =INTERCEPT(Data!$B$4:$B$7,Data!$D$4:$D$7)+SLOPE(Data!$B$4:$B$7,Data!$D$4:$D$7)*5 -> 54000 | F5: =Data!$B$8 -> 56000 | G5: =ABS(E5-F5)/F5 -> 0.035714286 | H5: =AVERAGE(D5,G5) -> 0.049009791 | I5: =AVERAGE((B5-C5)/C5,(E5-F5)/F5) -> -0.049009791
A6: Log-linear (exponential trend) | B6: =EXP(INTERCEPT(Data!$E$4:$E$6,Data!$D$4:$D$6)+SLOPE(Data!$E$4:$E$6,Data!$D$4:$D$6)*4) -> 50166.045 | C6: =Data!$B$7 -> 53500 | D6: =ABS(B6-C6)/C6 -> 0.062316912 | E6: =EXP(INTERCEPT(Data!$E$4:$E$7,Data!$D$4:$D$7)+SLOPE(Data!$E$4:$E$7,Data!$D$4:$D$7)*5) -> 54043.161 | F6: =Data!$B$8 -> 56000 | G6: =ABS(E6-F6)/F6 -> 0.034943551 | H6: =AVERAGE(D6,G6) -> 0.048630231 | I6: =AVERAGE((B6-C6)/C6,(E6-F6)/F6) -> -0.048630231
A7: CAGR (full window) | B7: =Data!$B$6*(Data!$B$6/Data!$B$4)^(1/2) -> 50507.627 | C7: =Data!$B$7 -> 53500 | D7: =ABS(B7-C7)/C7 -> 0.055932201 | E7: =Data!$B$7*(Data!$B$7/Data!$B$4)^(1/3) -> 55090.031 | F7: =Data!$B$8 -> 56000 | G7: =ABS(E7-F7)/F7 -> 0.016249448 | H7: =AVERAGE(D7,G7) -> 0.036090825 | I7: =AVERAGE((B7-C7)/C7,(E7-F7)/F7) -> -0.036090825
A8: Average YoY growth | B8: =Data!$B$6*(1+AVERAGE(Data!$C$5:$C$6)) -> 50518.094 | C8: =Data!$B$7 -> 53500 | D8: =ABS(B8-C8)/C8 -> 0.055736564 | E8: =Data!$B$7*(1+AVERAGE(Data!$C$5:$C$7)) -> 55117.907 | F8: =Data!$B$8 -> 56000 | G8: =ABS(E8-F8)/F8 -> 0.015751662 | H8: =AVERAGE(D8,G8) -> 0.035744113 | I8: =AVERAGE((B8-C8)/C8,(E8-F8)/F8) -> -0.035744113
A9: Naive (last value) | B9: =Data!$B$6 -> 50000 | C9: =Data!$B$7 -> 53500 | D9: =ABS(B9-C9)/C9 -> 0.065420561 | E9: =Data!$B$7 -> 53500 | F9: =Data!$B$8 -> 56000 | G9: =ABS(E9-F9)/F9 -> 0.044642857 | H9: =AVERAGE(D9,G9) -> 0.055031709 | I9: =AVERAGE((B9-C9)/C9,(E9-F9)/F9) -> -0.055031709
A11: Best single method by MAPE | B11: =INDEX(A5:A9,MATCH(MIN(H5:H9),H5:H9,0)) -> Average YoY growth
A12: Average bias across methods | B12: =AVERAGE(I5:I9) -> -0.044901334
A14: Reading the result: every method has negative bias (forecasts below actual) because growth accelerated in 2024-2025. Growth-rate methods (CAGR, average YoY) compound and therefore lag less than the straight line. Two folds is a thin test; treat the ranking as directional and use it to justify (a) combining methods and (b) not relying on the straight line alone. Recent-window CAGR and Holt's cannot be backtested on this little data without leaking the answer, so they are omitted here.

Sheet Assumptions
A1: Step 2: Driver assumptions (Low / Expected / High) with sources
A2: Blue = editable. Yellow fill = the assumptions the answer is most sensitive to. Every number below is either from the case, from a cited source, or an explicit team judgment labeled as such.
A4: Parameter | B4: Low | C4: Expected | D4: High | E4: Unit | F4: Source / rationale
A5: Baseline trend forecast 2026 (from Trend_Models) | B5: =Trend_Models!C15 -> 57100 | C5: =Trend_Models!C14 -> 57787.405 | D5: =Trend_Models!C16 -> 58749.403 | E5: visits | F5: Low = lowest trend method, Expected = ensemble average, High = highest trend method (recent-window CAGR).
A6: Marketing spend increase vs 2025 | B6: 0.2 | C6: 0.2 | D6: 0.2 | E6: % | F6: Case study: 'Marketing spend has increased 20% compared to 2025'.
A7: Advertising elasticity of attendance | B7: 0.05 | C7: 0.12 | D7: 0.24 | E7: elasticity | F7: Expected 0.12 = mean short-term ad elasticity, meta-analysis of 751 estimates (Sethuraman, Tellis & Briesch 2011, J. Marketing Research). High 0.24 = their long-term mean. Low 0.05 reflects Henningsen et al. 2011 (0.09) and lower elasticity in mature markets.
A8: Local metro population (historical ad reach) | B8: 500000 | C8: 500000 | D8: 500000 | E8: residents | F8: Case study.
A9: Total 2026 advertising reach | B9: 1200000 | C9: 1200000 | D9: 1200000 | E9: residents | F9: Case study.
A10: Incremental (new-market) population reached | B10: =B9-B8 -> 700000 | C10: =C9-C8 -> 700000 | D10: =D9-D8 -> 700000 | E10: residents | F10: Formula: total reach minus local metro.
A11: Visits per unique local guest | B11: 1.4 | C11: 1.3 | D11: 1.2 | E11: visits/guest | F11: Team assumption. Converts person-day attendance to unique guests. A higher value means fewer unique locals and a lower penetration rate (conservative for Low).
A12: Unique local guests 2025 (implied) | B12: =Data!$B$8/B11 -> 40000 | C12: =Data!$B$8/C11 -> 43076.923 | D12: =Data!$B$8/D11 -> 46666.667 | E12: guests | F12: Formula: 2025 attendance / visits per guest.
A13: Local market penetration (unique guests / population) | B13: =B12/B8 -> 0.08 | C13: =C12/C8 -> 0.086153846 | D13: =D12/D8 -> 0.093333333 | E13: % | F13: Formula.
A14: New-market relative conversion (distance-decay factor) | B14: 0.04 | C14: 0.08 | D14: 0.12 | E14: x local rate | F14: Gravity / distance-decay assumption: residents 30-80 miles away convert at a small fraction of the local rate in year one. Supported by Popp, Jensen & Jackson (2017, IJEFM): market population and distance traveled are among 7 variables explaining 77.5% of event attendance variance. Bass diffusion cross-check below brackets the low end.
A15: Visits per new-market guest | B15: 1.1 | C15: 1.15 | D15: 1.2 | E15: visits/guest | F15: Team assumption: out-of-area guests attend fewer days than locals.
A16: Incremental visits from expanded reach | B16: =B10*B13*B14*B15 -> 2464 | C16: =C10*C13*C14*C15 -> 5548.3077 | D16: =D10*D13*D14*D15 -> 9408 | E16: visits | F16: Formula: new population x local penetration x distance-decay x visits per new guest.
A17: 25th-anniversary halo (earned media, lapsed-guest reactivation) | B17: 0.01 | C17: 0.03 | D17: 0.05 | E17: % uplift | F17: Team judgment. Applied to all four weekends. Kept deliberately small so it does not double count the marketing and concert effects.
A18: Concert-driven incremental visits (Weekend 4 only) | B18: 0 | C18: 1500 | D18: 3000 | E18: visits | F18: Team judgment: guests who attend only because of the free anniversary concert. Capped by concert capacity (row 19 x row 20).
A19: Concert venue capacity per performance | B19: 8000 | C19: 8000 | D19: 8000 | E19: guests | F19: Case study.
A20: Concert performances during Weekend 4 | B20: 2 | C20: 2 | D20: 2 | E20: performances | F20: Team assumption: one performance per day (Sat and Sun). Change to 1 if the concert is a single event.
A21: Share of total attendance shifted into Weekend 4 by the concert | B21: 0.02 | C21: 0.04 | D21: 0.06 | E21: pct points | F21: Team judgment: existing guests choosing Weekend 4 over another weekend. Redistributes share; does not add visits.
A22: Saturday share of a weekend's attendance | B22: 0.52 | C22: 0.52 | D22: 0.52 | E22: % | F22: Team assumption for peak-day sizing (used in Part 2). Set 0.50 for even split.
A25: Cross-check on reach expansion: Bass diffusion (new-market adoption in year 1)
A26: Parameter | B26: Low | C26: Expected | D26: High | E26: Unit | F26: Source / rationale
A27: Coefficient of innovation p (external influence) | B27: 0.03 | C27: 0.06 | D27: 0.1 | E27: per year | F27: Sultan, Farley & Lehmann (1990, JMR) meta-analysis of 213 applications: mean p = 0.03, q = 0.38. Expected and High raised above 0.03 because a paid advertising campaign is pure external influence.
A28: Long-run new-market penetration relative to local | B28: 0.2 | C28: 0.3 | D28: 0.4 | E28: x local rate | F28: Team judgment: eventual ceiling for a market 30-80 miles away.
A29: Market potential m (unique guests) | B29: =B10*B13*B28 -> 11200 | C29: =C10*C13*C28 -> 18092.308 | D29: =D10*D13*D28 -> 26133.333 | E29: guests | F29: Formula.
A30: Year-1 adopters = p x m | B30: =B27*B29 -> 336 | C30: =C27*C29 -> 1085.5385 | D30: =D27*D29 -> 2613.3333 | E30: guests | F30: Bass model, first period (no prior adopters, so imitation term is zero).
A31: Year-1 visits (x visits per new guest) | B31: =B30*B15 -> 369.6 | C31: =C30*C15 -> 1248.3692 | D31: =D30*D15 -> 3136 | E31: visits | F31: Compare to row 16. Bass brackets the low end of the gravity estimate; the gravity estimate is used in the forecast.

Sheet Forecast
A1: Step 3: 2026 forecast build-up, weekend allocation, peak weekend
A3: Build-up step | B3: Low | C3: Expected | D3: High | E3: Logic
A4: Baseline trend forecast | B4: =Assumptions!B5 -> 57100 | C4: =Assumptions!C5 -> 57787.405 | D4: =Assumptions!D5 -> 58749.403 | E4: History-only forecast (Trend_Models).
A5: Marketing uplift % | B5: =Assumptions!B6*Assumptions!B7 -> 0.01 | C5: =Assumptions!C6*Assumptions!C7 -> 0.024 | D5: =Assumptions!D6*Assumptions!D7 -> 0.048 | E5: Spend increase x advertising elasticity.
A6: After marketing uplift | B6: =B4*(1+B5) -> 57671 | C6: =C4*(1+C5) -> 59174.302 | D6: =D4*(1+D5) -> 61569.374 | E6: Baseline x (1 + uplift).
A7: Anniversary halo % | B7: =Assumptions!B17 -> 0.01 | C7: =Assumptions!C17 -> 0.03 | D7: =Assumptions!D17 -> 0.05 | E7: Assumptions row 17.
A8: After anniversary halo | B8: =B6*(1+B7) -> 58247.71 | C8: =C6*(1+C7) -> 60949.532 | D8: =D6*(1+D7) -> 64647.843 | E8: Multiplicative.
A9: + Incremental visits from expanded reach | B9: =Assumptions!B16 -> 2464 | C9: =Assumptions!C16 -> 5548.3077 | D9: =Assumptions!D16 -> 9408 | E9: Additive: new guests from new markets (Assumptions row 16).
A10: + Concert-driven incremental visits (W4) | B10: =MIN(Assumptions!B18,Assumptions!B19*Assumptions!B20) -> 0 | C10: =MIN(Assumptions!C18,Assumptions!C19*Assumptions!C20) -> 1500 | D10: =MIN(Assumptions!D18,Assumptions!D19*Assumptions!D20) -> 3000 | E10: Additive, capped at concert capacity x performances.
A11: TOTAL 2026 ATTENDANCE FORECAST | B11: =B8+B9+B10 -> 60711.71 | C11: =C8+C9+C10 -> 67997.839 | D11: =D8+D9+D10 -> 77055.843 | E11: Sum of the above.
A12: Growth vs 2025 | B12: =B11/Data!$B$8-1 -> 0.084137679 | C12: =C11/Data!$B$8-1 -> 0.21424713 | D12: =D11/Data!$B$8-1 -> 0.37599719 | E12: For context: 2025 grew 4.7%.
A13: Increment vs 2025 (visits) | B13: =B11-Data!$B$8 -> 4711.71 | C13: =C11-Data!$B$8 -> 11997.839 | D13: =D11-Data!$B$8 -> 21055.843
A14: Average attendance per festival day | B14: =B11/Data!$B$25 -> 7588.9637 | C14: =C11/Data!$B$25 -> 8499.7299 | D14: =D11/Data!$B$25 -> 9631.9804 | E14: Total / 8 days.
A15: Share of forecast that is driver uplift (not trend) | B15: =1-B4/B11 -> 0.059489512 | C15: =1-C4/C11 -> 0.15015822 | D15: =1-D4/D11 -> 0.23757368 | E15: How much of the answer rests on the judgmental drivers.
A18: Weekend allocation (seasonal index adjusted for the Weekend 4 concert)
A19: Weekend | B19: Base share | C19: Low share | D19: Expected share | E19: High share | F19: Low attendance | G19: Expected attendance | H19: High attendance
A20: 1 | B20: =Data!B14 -> 0.2 | C20: =B20*(1-($B$23+Assumptions!B$21))/(1-$B$23) -> 0.19466667 | D20: =B20*(1-($B$23+Assumptions!C$21))/(1-$B$23) -> 0.18933333 | E20: =B20*(1-($B$23+Assumptions!D$21))/(1-$B$23) -> 0.184 | F20: =C20*(B$8+B$9) -> 11818.546 | G20: =D20*(C$8+C$9) -> 12590.258 | H20: =E20*(D$8+D$9) -> 13626.275
A21: 2 | B21: =Data!B15 -> 0.25 | C21: =B21*(1-($B$23+Assumptions!B$21))/(1-$B$23) -> 0.24333333 | D21: =B21*(1-($B$23+Assumptions!C$21))/(1-$B$23) -> 0.23666667 | E21: =B21*(1-($B$23+Assumptions!D$21))/(1-$B$23) -> 0.23 | F21: =C21*(B$8+B$9) -> 14773.183 | G21: =D21*(C$8+C$9) -> 15737.822 | H21: =E21*(D$8+D$9) -> 17032.844
A22: 3 | B22: =Data!B16 -> 0.3 | C22: =B22*(1-($B$23+Assumptions!B$21))/(1-$B$23) -> 0.292 | D22: =B22*(1-($B$23+Assumptions!C$21))/(1-$B$23) -> 0.284 | E22: =B22*(1-($B$23+Assumptions!D$21))/(1-$B$23) -> 0.276 | F22: =C22*(B$8+B$9) -> 17727.819 | G22: =D22*(C$8+C$9) -> 18885.386 | H22: =E22*(D$8+D$9) -> 20439.413
A23: 4 | B23: =Data!B17 -> 0.25 | C23: =B23+Assumptions!B$21 -> 0.27 | D23: =B23+Assumptions!C$21 -> 0.29 | E23: =B23+Assumptions!D$21 -> 0.31 | F23: =C23*(B$8+B$9)+B$10 -> 16392.162 | G23: =D23*(C$8+C$9)+C$10 -> 20784.373 | H23: =E23*(D$8+D$9)+D$10 -> 25957.311
A24: Total | B24: =SUM(B20:B23) -> 1 | C24: =SUM(C20:C23) -> 1 | D24: =SUM(D20:D23) -> 1 | E24: =SUM(E20:E23) -> 1 | F24: =SUM(F20:F23) -> 60711.71 | G24: =SUM(G20:G23) -> 67997.839 | H24: =SUM(H20:H23) -> 77055.843
A25: Check: totals match row 11 | F25: =IF(ABS(F24-B11)<1,"OK","ERROR") -> OK | G25: =IF(ABS(G24-C11)<1,"OK","ERROR") -> OK | H25: =IF(ABS(H24-D11)<1,"OK","ERROR") -> OK
A26: Logic: Weekend 4 share = base share + concert shift. Weekends 1-3 are scaled down proportionally so shares still sum to 100%. Concert-driven incremental visits (row 10) are added to Weekend 4 only.
A28: Peak weekend and peak day
A29: Metric | B29: Low | C29: Expected | D29: High
A30: Peak weekend (number) | B30: =INDEX($A$20:$A$23,MATCH(MAX(F20:F23),F20:F23,0)) -> 3 | C30: =INDEX($A$20:$A$23,MATCH(MAX(G20:G23),G20:G23,0)) -> 4 | D30: =INDEX($A$20:$A$23,MATCH(MAX(H20:H23),H20:H23,0)) -> 4
A31: Peak weekend attendance | B31: =MAX(F20:F23) -> 17727.819 | C31: =MAX(G20:G23) -> 20784.373 | D31: =MAX(H20:H23) -> 25957.311
A32: Second-highest weekend attendance | B32: =LARGE(F20:F23,2) -> 16392.162 | C32: =LARGE(G20:G23,2) -> 18885.386 | D32: =LARGE(H20:H23,2) -> 20439.413
A33: Gap between top two weekends | B33: =B31-B32 -> 1335.6576 | C33: =C31-C32 -> 1898.987 | D33: =D31-D32 -> 5517.8987
A34: Peak day attendance (peak weekend x Saturday share) | B34: =B31*Assumptions!B22 -> 9218.466 | C34: =C31*Assumptions!C22 -> 10807.874 | D34: =D31*Assumptions!D22 -> 13497.802
A35: Peak-day average guests per operating hour | B35: =B34/Data!$B$24 -> 921.8466 | C35: =C34/Data!$B$24 -> 1080.7874 | D35: =D34/Data!$B$24 -> 1349.7802
A37: Concert capacity check (Weekend 4)
A38: Metric | B38: Low | C38: Expected | D38: High
A39: Weekend 4 attendance | B39: =F23 -> 16392.162 | C39: =G23 -> 20784.373 | D39: =H23 -> 25957.311
A40: Concert seats available (capacity x performances) | B40: =Assumptions!B19*Assumptions!B20 -> 16000 | C40: =Assumptions!C19*Assumptions!C20 -> 16000 | D40: =Assumptions!D19*Assumptions!D20 -> 16000
A41: Seats as % of Weekend 4 guests | B41: =B40/B39 -> 0.97607627 | C41: =C40/C39 -> 0.76980911 | D41: =D40/D39 -> 0.61639666
A42: Guests who cannot be seated if all want to attend | B42: =MAX(0,B39-B40) -> 392.1617 | C42: =MAX(0,C39-C40) -> 4784.3734 | D42: =MAX(0,D39-D40) -> 9957.3113
A43: Flag | B43: =IF(B41<1,"Demand exceeds seats: reservation system / overflow viewing needed","Capacity sufficient") -> Demand exceeds seats: reservation system / overflow viewing needed | C43: =IF(C41<1,"Demand exceeds seats: reservation system / overflow viewing needed","Capacity sufficient") -> Demand exceeds seats: reservation system / overflow viewing needed | D43: =IF(D41<1,"Demand exceeds seats: reservation system / overflow viewing needed","Capacity sufficient") -> Demand exceeds seats: reservation system / overflow viewing needed

Sheet MonteCarlo
A1: Step 4: Monte Carlo simulation (1,000 trials, triangular distributions on each driver)
A2: Each driver is sampled from a triangular distribution with min = Low, mode = Expected, max = High from the Assumptions sheet. Press F9 to resample. Percentiles below are the forecast band.
A4: Statistic | B4: Value | D4: Driver | E4: Min (Low) | F4: Mode (Expected) | G4: Max (High)
A5: Mean | B5: =AVERAGE($M$14:$M$1013) -> 68305.498 | D5: Baseline | E5: =Assumptions!B5 -> 57100 | F5: =Assumptions!C5 -> 57787.405 | G5: =Assumptions!D5 -> 58749.403
A6: P10 | B6: =PERCENTILE($M$14:$M$1013,0.1) -> 66359.407 | D6: Ad elasticity | E6: =Assumptions!B7 -> 0.05 | F6: =Assumptions!C7 -> 0.12 | G6: =Assumptions!D7 -> 0.24
A7: P25 | B7: =PERCENTILE($M$14:$M$1013,0.25) -> 67228.592 | D7: Distance-decay factor | E7: =Assumptions!B14 -> 0.04 | F7: =Assumptions!C14 -> 0.08 | G7: =Assumptions!D14 -> 0.12
A8: P50 (median) | B8: =PERCENTILE($M$14:$M$1013,0.5) -> 68311.76 | D8: Anniversary halo | E8: =Assumptions!B17 -> 0.01 | F8: =Assumptions!C17 -> 0.03 | G8: =Assumptions!D17 -> 0.05
A9: P75 | B9: =PERCENTILE($M$14:$M$1013,0.75) -> 69343.432 | D9: Concert incremental | E9: =Assumptions!B18 -> 0 | F9: =Assumptions!C18 -> 1500 | G9: =Assumptions!D18 -> 3000
A10: P90 | B10: =PERCENTILE($M$14:$M$1013,0.9) -> 70257.366
A11: Std deviation | B11: =STDEV($M$14:$M$1013) -> 1489.195 | D11: Fixed at Expected: spend increase, new-market population, local penetration, visits per new guest.
A12: Prob. attendance > 65,000 | B12: =COUNTIF($M$14:$M$1013,">65000")/COUNT($M$14:$M$1013) -> 0.989
A13: Trial | B13: U1 | C13: U2 | D13: U3 | E13: U4 | F13: U5 | G13: Baseline | H13: Elasticity | I13: Decay | J13: Halo | K13: Concert | L13: Reach visits | M13: Total 2026
A14: 1 | B14: =RAND() -> 0.52025789 | C14: =RAND() -> 0.80135756 | D14: =RAND() -> 0.81822654 | E14: =RAND() -> 0.89379337 | F14: =RAND() -> 0.23250799 | G14: =IF(B14<($F$5-$E$5)/($G$5-$E$5),$E$5+SQRT(B14*($G$5-$E$5)*($F$5-$E$5)),$G$5-SQRT((1-B14)*($G$5-$E$5)*($G$5-$F$5))) -> 57876.925 | H14: =IF(C14<($F$6-$E$6)/($G$6-$E$6),$E$6+SQRT(C14*($G$6-$E$6)*($F$6-$E$6)),$G$6-SQRT((1-C14)*($G$6-$E$6)*($G$6-$F$6))) -> 0.1727018 | I14: =IF(D14<($F$7-$E$7)/($G$7-$E$7),$E$7+SQRT(D14*($G$7-$E$7)*($F$7-$E$7)),$G$7-SQRT((1-D14)*($G$7-$E$7)*($G$7-$F$7))) -> 0.095882059 | J14: =IF(E14<($F$8-$E$8)/($G$8-$E$8),$E$8+SQRT(E14*($G$8-$E$8)*($F$8-$E$8)),$G$8-SQRT((1-E14)*($G$8-$E$8)*($G$8-$F$8))) -> 0.040782337 | K14: =IF(F14<($F$9-$E$9)/($G$9-$E$9),$E$9+SQRT(F14*($G$9-$E$9)*($F$9-$E$9)),$G$9-SQRT((1-F14)*($G$9-$E$9)*($G$9-$F$9))) -> 1022.8812 | L14: =Assumptions!$C$10*Assumptions!$C$13*I14*Assumptions!$C$15 -> 6649.7896 | M14: =G14*(1+H14*Assumptions!$C$6)*(1+J14)+L14+K14 -> 69990.569
A15: 2 | B15: =RAND() -> 0.38179061 | C15: =RAND() -> 0.45508592 | D15: =RAND() -> 0.34696276 | E15: =RAND() -> 0.14908239 | F15: =RAND() -> 0.47856491 | G15: =IF(B15<($F$5-$E$5)/($G$5-$E$5),$E$5+SQRT(B15*($G$5-$E$5)*($F$5-$E$5)),$G$5-SQRT((1-B15)*($G$5-$E$5)*($G$5-$F$5))) -> 57757.934 | H15: =IF(C15<($F$6-$E$6)/($G$6-$E$6),$E$6+SQRT(C15*($G$6-$E$6)*($F$6-$E$6)),$G$6-SQRT((1-C15)*($G$6-$E$6)*($G$6-$F$6))) -> 0.12853682 | I15: =IF(D15<($F$7-$E$7)/($G$7-$E$7),$E$7+SQRT(D15*($G$7-$E$7)*($F$7-$E$7)),$G$7-SQRT((1-D15)*($G$7-$E$7)*($G$7-$F$7))) -> 0.073320877 | J15: =IF(E15<($F$8-$E$8)/($G$8-$E$8),$E$8+SQRT(E15*($G$8-$E$8)*($F$8-$E$8)),$G$8-SQRT((1-E15)*($G$8-$E$8)*($G$8-$F$8))) -> 0.020920893 | K15: =IF(F15<($F$9-$E$9)/($G$9-$E$9),$E$9+SQRT(F15*($G$9-$E$9)*($F$9-$E$9)),$G$9-SQRT((1-F15)*($G$9-$E$9)*($G$9-$F$9))) -> 1467.4952 | L15: =Assumptions!$C$10*Assumptions!$C$13*I15*Assumptions!$C$15 -> 5085.0848 | M15: =G15*(1+H15*Assumptions!$C$6)*(1+J15)+L15+K15 -> 67034.729
A16: 3 | B16: =RAND() -> 0.19236433 | C16: =RAND() -> 0.56879422 | D16: =RAND() -> 0.96288992 | E16: =RAND() -> 0.95121192 | F16: =RAND() -> 0.49283811 | G16: =IF(B16<($F$5-$E$5)/($G$5-$E$5),$E$5+SQRT(B16*($G$5-$E$5)*($F$5-$E$5)),$G$5-SQRT((1-B16)*($G$5-$E$5)*($G$5-$F$5))) -> 57567.016 | H16: =IF(C16<($F$6-$E$6)/($G$6-$E$6),$E$6+SQRT(C16*($G$6-$E$6)*($F$6-$E$6)),$G$6-SQRT((1-C16)*($G$6-$E$6)*($G$6-$F$6))) -> 0.14084612 | I16: =IF(D16<($F$7-$E$7)/($G$7-$E$7),$E$7+SQRT(D16*($G$7-$E$7)*($F$7-$E$7)),$G$7-SQRT((1-D16)*($G$7-$E$7)*($G$7-$F$7))) -> 0.10910265 | J16: =IF(E16<($F$8-$E$8)/($G$8-$E$8),$E$8+SQRT(E16*($G$8-$E$8)*($F$8-$E$8)),$G$8-SQRT((1-E16)*($G$8-$E$8)*($G$8-$F$8))) -> 0.043752564 | K16: =IF(F16<($F$9-$E$9)/($G$9-$E$9),$E$9+SQRT(F16*($G$9-$E$9)*($F$9-$E$9)),$G$9-SQRT((1-F16)*($G$9-$E$9)*($G$9-$F$9))) -> 1489.2184 | L16: =Assumptions!$C$10*Assumptions!$C$13*I16*Assumptions!$C$15 -> 7566.6884 | M16: =G16*(1+H16*Assumptions!$C$6)*(1+J16)+L16+K16 -> 70834.196
A17: 4 | B17: =RAND() -> 0.0037083692 | C17: =RAND() -> 0.096974051 | D17: =RAND() -> 0.074877319 | E17: =RAND() -> 0.64184194 | F17: =RAND() -> 0.31889447 | G17: =IF(B17<($F$5-$E$5)/($G$5-$E$5),$E$5+SQRT(B17*($G$5-$E$5)*($F$5-$E$5)),$G$5-SQRT((1-B17)*($G$5-$E$5)*($G$5-$F$5))) -> 57164.843 | H17: =IF(C17<($F$6-$E$6)/($G$6-$E$6),$E$6+SQRT(C17*($G$6-$E$6)*($F$6-$E$6)),$G$6-SQRT((1-C17)*($G$6-$E$6)*($G$6-$F$6))) -> 0.085913157 | I17: =IF(D17<($F$7-$E$7)/($G$7-$E$7),$E$7+SQRT(D17*($G$7-$E$7)*($F$7-$E$7)),$G$7-SQRT((1-D17)*($G$7-$E$7)*($G$7-$F$7))) -> 0.055479258 | J17: =IF(E17<($F$8-$E$8)/($G$8-$E$8),$E$8+SQRT(E17*($G$8-$E$8)*($F$8-$E$8)),$G$8-SQRT((1-E17)*($G$8-$E$8)*($G$8-$F$8))) -> 0.033072908 | K17: =IF(F17<($F$9-$E$9)/($G$9-$E$9),$E$9+SQRT(F17*($G$9-$E$9)*($F$9-$E$9)),$G$9-SQRT((1-F17)*($G$9-$E$9)*($G$9-$F$9))) -> 1197.9253 | L17: =Assumptions!$C$10*Assumptions!$C$13*I17*Assumptions!$C$15 -> 3847.6999 | M17: =G17*(1+H17*Assumptions!$C$6)*(1+J17)+L17+K17 -> 65115.804
A18: 5 | B18: =RAND() -> 0.80108305 | C18: =RAND() -> 0.7896564 | D18: =RAND() -> 0.5849651 | E18: =RAND() -> 0.15785137 | F18: =RAND() -> 0.30257281 | G18: =IF(B18<($F$5-$E$5)/($G$5-$E$5),$E$5+SQRT(B18*($G$5-$E$5)*($F$5-$E$5)),$G$5-SQRT((1-B18)*($G$5-$E$5)*($G$5-$F$5))) -> 58187.597 | H18: =IF(C18<($F$6-$E$6)/($G$6-$E$6),$E$6+SQRT(C18*($G$6-$E$6)*($F$6-$E$6)),$G$6-SQRT((1-C18)*($G$6-$E$6)*($G$6-$F$6))) -> 0.17074804 | I18: =IF(D18<($F$7-$E$7)/($G$7-$E$7),$E$7+SQRT(D18*($G$7-$E$7)*($F$7-$E$7)),$G$7-SQRT((1-D18)*($G$7-$E$7)*($G$7-$F$7))) -> 0.083556733 | J18: =IF(E18<($F$8-$E$8)/($G$8-$E$8),$E$8+SQRT(E18*($G$8-$E$8)*($F$8-$E$8)),$G$8-SQRT((1-E18)*($G$8-$E$8)*($G$8-$F$8))) -> 0.021237486 | K18: =IF(F18<($F$9-$E$9)/($G$9-$E$9),$E$9+SQRT(F18*($G$9-$E$9)*($F$9-$E$9)),$G$9-SQRT((1-F18)*($G$9-$E$9)*($G$9-$F$9))) -> 1166.8666 | L18: =Assumptions!$C$10*Assumptions!$C$13*I18*Assumptions!$C$15 -> 5794.9808 | M18: =G18*(1+H18*Assumptions!$C$6)*(1+J18)+L18+K18 -> 68414.487
A19: 6 | B19: =RAND() -> 0.35193416 | C19: =RAND() -> 0.80965403 | D19: =RAND() -> 0.43261405 | E19: =RAND() -> 0.76748182 | F19: =RAND() -> 0.27726838 | G19: =IF(B19<($F$5-$E$5)/($G$5-$E$5),$E$5+SQRT(B19*($G$5-$E$5)*($F$5-$E$5)),$G$5-SQRT((1-B19)*($G$5-$E$5)*($G$5-$F$5))) -> 57731.685 | H19: =IF(C19<($F$6-$E$6)/($G$6-$E$6),$E$6+SQRT(C19*($G$6-$E$6)*($F$6-$E$6)),$G$6-SQRT((1-C19)*($G$6-$E$6)*($G$6-$F$6))) -> 0.17412217 | I19: =IF(D19<($F$7-$E$7)/($G$7-$E$7),$E$7+SQRT(D19*($G$7-$E$7)*($F$7-$E$7)),$G$7-SQRT((1-D19)*($G$7-$E$7)*($G$7-$F$7))) -> 0.077207055 | J19: =IF(E19<($F$8-$E$8)/($G$8-$E$8),$E$8+SQRT(E19*($G$8-$E$8)*($F$8-$E$8)),$G$8-SQRT((1-E19)*($G$8-$E$8)*($G$8-$F$8))) -> 0.036361285 | K19: =IF(F19<($F$9-$E$9)/($G$9-$E$9),$E$9+SQRT(F19*($G$9-$E$9)*($F$9-$E$9)),$G$9-SQRT((1-F19)*($G$9-$E$9)*($G$9-$F$9))) -> 1117.0084 | L19: =Assumptions!$C$10*Assumptions!$C$13*I19*Assumptions!$C$15 -> 5354.6062 | M19: =G19*(1+H19*Assumptions!$C$6)*(1+J19)+L19+K19 -> 68386.074
A20: 7 | B20: =RAND() -> 0.29532623 | C20: =RAND() -> 0.0969506 | D20: =RAND() -> 0.060249485 | E20: =RAND() -> 0.0036207737 | F20: =RAND() -> 0.95586942 | G20: =IF(B20<($F$5-$E$5)/($G$5-$E$5),$E$5+SQRT(B20*($G$5-$E$5)*($F$5-$E$5)),$G$5-SQRT((1-B20)*($G$5-$E$5)*($G$5-$F$5))) -> 57678.656 | H20: =IF(C20<($F$6-$E$6)/($G$6-$E$6),$E$6+SQRT(C20*($G$6-$E$6)*($F$6-$E$6)),$G$6-SQRT((1-C20)*($G$6-$E$6)*($G$6-$F$6))) -> 0.085908815 | I20: =IF(D20<($F$7-$E$7)/($G$7-$E$7),$E$7+SQRT(D20*($G$7-$E$7)*($F$7-$E$7)),$G$7-SQRT((1-D20)*($G$7-$E$7)*($G$7-$F$7))) -> 0.053885185 | J20: =IF(E20<($F$8-$E$8)/($G$8-$E$8),$E$8+SQRT(E20*($G$8-$E$8)*($F$8-$E$8)),$G$8-SQRT((1-E20)*($G$8-$E$8)*($G$8-$F$8))) -> 0.011701946 | K20: =IF(F20<($F$9-$E$9)/($G$9-$E$9),$E$9+SQRT(F20*($G$9-$E$9)*($F$9-$E$9)),$G$9-SQRT((1-F20)*($G$9-$E$9)*($G$9-$F$9))) -> 2554.3683 | L20: =Assumptions!$C$10*Assumptions!$C$13*I20*Assumptions!$C$15 -> 3737.1448 | M20: =G20*(1+H20*Assumptions!$C$6)*(1+J20)+L20+K20 -> 65647.74
A21: 8 | B21: =RAND() -> 0.37005052 | C21: =RAND() -> 0.94217614 | D21: =RAND() -> 0.40263442 | E21: =RAND() -> 0.7679942 | F21: =RAND() -> 0.98527626 | G21: =IF(B21<($F$5-$E$5)/($G$5-$E$5),$E$5+SQRT(B21*($G$5-$E$5)*($F$5-$E$5)),$G$5-SQRT((1-B21)*($G$5-$E$5)*($G$5-$F$5))) -> 57747.739 | H21: =IF(C21<($F$6-$E$6)/($G$6-$E$6),$E$6+SQRT(C21*($G$6-$E$6)*($F$6-$E$6)),$G$6-SQRT((1-C21)*($G$6-$E$6)*($G$6-$F$6))) -> 0.20369044 | I21: =IF(D21<($F$7-$E$7)/($G$7-$E$7),$E$7+SQRT(D21*($G$7-$E$7)*($F$7-$E$7)),$G$7-SQRT((1-D21)*($G$7-$E$7)*($G$7-$F$7))) -> 0.075894709 | J21: =IF(E21<($F$8-$E$8)/($G$8-$E$8),$E$8+SQRT(E21*($G$8-$E$8)*($F$8-$E$8)),$G$8-SQRT((1-E21)*($G$8-$E$8)*($G$8-$F$8))) -> 0.036376321 | K21: =IF(F21<($F$9-$E$9)/($G$9-$E$9),$E$9+SQRT(F21*($G$9-$E$9)*($F$9-$E$9)),$G$9-SQRT((1-F21)*($G$9-$E$9)*($G$9-$F$9))) -> 2742.596 | L21: =Assumptions!$C$10*Assumptions!$C$13*I21*Assumptions!$C$15 -> 5263.59 | M21: =G21*(1+H21*Assumptions!$C$6)*(1+J21)+L21+K21 -> 70292.684
A22: 9 | B22: =RAND() -> 0.69478317 | C22: =RAND() -> 0.77916682 | D22: =RAND() -> 0.085368677 | E22: =RAND() -> 0.81545202 | F22: =RAND() -> 0.13403318 | G22: =IF(B22<($F$5-$E$5)/($G$5-$E$5),$E$5+SQRT(B22*($G$5-$E$5)*($F$5-$E$5)),$G$5-SQRT((1-B22)*($G$5-$E$5)*($G$5-$F$5))) -> 58053.49 | H22: =IF(C22<($F$6-$E$6)/($G$6-$E$6),$E$6+SQRT(C22*($G$6-$E$6)*($F$6-$E$6)),$G$6-SQRT((1-C22)*($G$6-$E$6)*($G$6-$F$6))) -> 0.16904229 | I22: =IF(D22<($F$7-$E$7)/($G$7-$E$7),$E$7+SQRT(D22*($G$7-$E$7)*($F$7-$E$7)),$G$7-SQRT((1-D22)*($G$7-$E$7)*($G$7-$F$7))) -> 0.056528151 | J22: =IF(E22<($F$8-$E$8)/($G$8-$E$8),$E$8+SQRT(E22*($G$8-$E$8)*($F$8-$E$8)),$G$8-SQRT((1-E22)*($G$8-$E$8)*($G$8-$F$8))) -> 0.037849346 | K22: =IF(F22<($F$9-$E$9)/($G$9-$E$9),$E$9+SQRT(F22*($G$9-$E$9)*($F$9-$E$9)),$G$9-SQRT((1-F22)*($G$9-$E$9)*($G$9-$F$9))) -> 776.62687 | L22: =Assumptions!$C$10*Assumptions!$C$13*I22*Assumptions!$C$15 -> 3920.4447 | M22: =G22*(1+H22*Assumptions!$C$6)*(1+J22)+L22+K22 -> 66984.834
A23: 10 | B23: =RAND() -> 0.053352195 | C23: =RAND() -> 0.94974856 | D23: =RAND() -> 0.42053749 | E23: =RAND() -> 0.37096964 | F23: =RAND() -> 0.12060117 | G23: =IF(B23<($F$5-$E$5)/($G$5-$E$5),$E$5+SQRT(B23*($G$5-$E$5)*($F$5-$E$5)),$G$5-SQRT((1-B23)*($G$5-$E$5)*($G$5-$F$5))) -> 57345.949 | H23: =IF(C23<($F$6-$E$6)/($G$6-$E$6),$E$6+SQRT(C23*($G$6-$E$6)*($F$6-$E$6)),$G$6-SQRT((1-C23)*($G$6-$E$6)*($G$6-$F$6))) -> 0.20615132 | I23: =IF(D23<($F$7-$E$7)/($G$7-$E$7),$E$7+SQRT(D23*($G$7-$E$7)*($F$7-$E$7)),$G$7-SQRT((1-D23)*($G$7-$E$7)*($G$7-$F$7))) -> 0.076684056 | J23: =IF(E23<($F$8-$E$8)/($G$8-$E$8),$E$8+SQRT(E23*($G$8-$E$8)*($F$8-$E$8)),$G$8-SQRT((1-E23)*($G$8-$E$8)*($G$8-$F$8))) -> 0.02722718 | K23: =IF(F23<($F$9-$E$9)/($G$9-$E$9),$E$9+SQRT(F23*($G$9-$E$9)*($F$9-$E$9)),$G$9-SQRT((1-F23)*($G$9-$E$9)*($G$9-$F$9))) -> 736.68533 | L23: =Assumptions!$C$10*Assumptions!$C$13*I23*Assumptions!$C$15 -> 5318.3342 | M23: =G23*(1+H23*Assumptions!$C$6)*(1+J23)+L23+K23 -> 67391.102
A24: 11 | B24: =RAND() -> 0.20171421 | C24: =RAND() -> 0.82697034 | D24: =RAND() -> 0.41406349 | E24: =RAND() -> 0.53664194 | F24: =RAND() -> 0.31362946 | G24: =IF(B24<($F$5-$E$5)/($G$5-$E$5),$E$5+SQRT(B24*($G$5-$E$5)*($F$5-$E$5)),$G$5-SQRT((1-B24)*($G$5-$E$5)*($G$5-$F$5))) -> 57578.231 | H24: =IF(C24<($F$6-$E$6)/($G$6-$E$6),$E$6+SQRT(C24*($G$6-$E$6)*($F$6-$E$6)),$G$6-SQRT((1-C24)*($G$6-$E$6)*($G$6-$F$6))) -> 0.17719016 | I24: =IF(D24<($F$7-$E$7)/($G$7-$E$7),$E$7+SQRT(D24*($G$7-$E$7)*($F$7-$E$7)),$G$7-SQRT((1-D24)*($G$7-$E$7)*($G$7-$F$7))) -> 0.076400593 | J24: =IF(E24<($F$8-$E$8)/($G$8-$E$8),$E$8+SQRT(E24*($G$8-$E$8)*($F$8-$E$8)),$G$8-SQRT((1-E24)*($G$8-$E$8)*($G$8-$F$8))) -> 0.030746781 | K24: =IF(F24<($F$9-$E$9)/($G$9-$E$9),$E$9+SQRT(F24*($G$9-$E$9)*($F$9-$E$9)),$G$9-SQRT((1-F24)*($G$9-$E$9)*($G$9-$F$9))) -> 1187.9952 | L24: =Assumptions!$C$10*Assumptions!$C$13*I24*Assumptions!$C$15 -> 5298.675 | M24: =G24*(1+H24*Assumptions!$C$6)*(1+J24)+L24+K24 -> 67938.443
A25: 12 | B25: =RAND() -> 0.42248136 | C25: =RAND() -> 0.71334083 | D25: =RAND() -> 0.76311318 | E25: =RAND() -> 0.25974345 | F25: =RAND() -> 0.029699524 | G25: =IF(B25<($F$5-$E$5)/($G$5-$E$5),$E$5+SQRT(B25*($G$5-$E$5)*($F$5-$E$5)),$G$5-SQRT((1-B25)*($G$5-$E$5)*($G$5-$F$5))) -> 57792.135 | H25: =IF(C25<($F$6-$E$6)/($G$6-$E$6),$E$6+SQRT(C25*($G$6-$E$6)*($F$6-$E$6)),$G$6-SQRT((1-C25)*($G$6-$E$6)*($G$6-$F$6))) -> 0.15915553 | I25: =IF(D25<($F$7-$E$7)/($G$7-$E$7),$E$7+SQRT(D25*($G$7-$E$7)*($F$7-$E$7)),$G$7-SQRT((1-D25)*($G$7-$E$7)*($G$7-$F$7))) -> 0.092467513 | J25: =IF(E25<($F$8-$E$8)/($G$8-$E$8),$E$8+SQRT(E25*($G$8-$E$8)*($F$8-$E$8)),$G$8-SQRT((1-E25)*($G$8-$E$8)*($G$8-$F$8))) -> 0.024415088 | K25: =IF(F25<($F$9-$E$9)/($G$9-$E$9),$E$9+SQRT(F25*($G$9-$E$9)*($F$9-$E$9)),$G$9-SQRT((1-F25)*($G$9-$E$9)*($G$9-$F$9))) -> 365.5788 | L25: =Assumptions!$C$10*Assumptions!$C$13*I25*Assumptions!$C$15 -> 6412.9777 | M25: =G25*(1+H25*Assumptions!$C$6)*(1+J25)+L25+K25 -> 67866.193
... A1013: 1000 | B1013: =RAND() -> 0.36160041 | C1013: =RAND() -> 0.22851518 | D1013: =RAND() -> 0.75786545 | E1013: =RAND() -> 0.63930617 | F1013: =RAND() -> 0.52246367 | G1013: =IF(B1013<($F$5-$E$5)/($G$5-$E$5),$E$5+SQRT(B1013*($G$5-$E$5)*($F$5-$E$5)),$G$5-SQRT((1-B1013)*($G$5-$E$5)*($G$5-$F$5))) -> 57740.301 | H1013: =IF(C1013<($F$6-$E$6)/($G$6-$E$6),$E$6+SQRT(C1013*($G$6-$E$6)*($F$6-$E$6)),$G$6-SQRT((1-C1013)*($G$6-$E$6)*($G$6-$F$6))) -> 0.10512941 | I1013: =IF(D1013<($F$7-$E$7)/($G$7-$E$7),$E$7+SQRT(D1013*($G$7-$E$7)*($F$7-$E$7)),$G$7-SQRT((1-D1013)*($G$7-$E$7)*($G$7-$F$7))) -> 0.092164222 | J1013: =IF(E1013<($F$8-$E$8)/($G$8-$E$8),$E$8+SQRT(E1013*($G$8-$E$8)*($F$8-$E$8)),$G$8-SQRT((1-E1013)*($G$8-$E$8)*($G$8-$F$8))) -> 0.033013091 | K1013: =IF(F1013<($F$9-$E$9)/($G$9-$E$9),$E$9+SQRT(F1013*($G$9-$E$9)*($F$9-$E$9)),$G$9-SQRT((1-F1013)*($G$9-$E$9)*($G$9-$F$9))) -> 1534.0827 | L1013: =Assumptions!$C$10*Assumptions!$C$13*I1013*Assumptions!$C$15 -> 6391.9432 | M1013: =G1013*(1+H1013*Assumptions!$C$6)*(1+J1013)+L1013+K1013 -> 68826.633
